Attribute,Description,Valid Values,DependsOn,Required,Properties,Validation Rules,columnType,Format,Pattern,Minimum,Maximum,IsTemplate,Source
AccessRequirement,"Representation of a Synapse Access Requirement and its relationships to entities, grants, and projects.",,"AccessRequirement_id, contributorName, contributionDate, StudyKey, entityIdList, dataUseModifiers",,,,,,,,,True,
AccessRequirement_id,A unique identifier for the access requirement. This should be the numeric identifier of the access requirement.,,,True,primary_key,,,,,,,,
contributorName,The name of the person who added this access requirement.,,,True,,,string,,,,,,
contributionDate,The date on which the access requirement was added.,,,True,,,string,date,,,,,
entityIdList,"Synapse ID(s) for Synapse container(s) (e.g. Project, Dataset, Folder, Table, etc.) with which the Access Requirement is expected to be associated. Provide multiple values as a comma-separated list.",,,,,,string,,,,,,
Resource,"Information that is relevant to resource access conditions.",,"Resource_id, StudyKey, AccessRequirementKey, SchemaKey, dataUseModifiers, grantAnnotationKey, grantAnnotationValue, studyAnnotationKey, studyAnnotationValue, dataTypeKey, dataTypeValue, speciesTypeKey, speciesTypeValue, activatedByAttribute, activationValue, registeredSchemaUrl",,,,,,,,,True
Resource_id,"A unique identifier for the resource type. Examples mc2Res1, adkpRes1, adkpRes2.",,,True,primary_key,,string,,,,,
grantAnnotationKey,The annotation key applied to a Synapse entity that contains a grant identifier.,,,,,,string,,,,,
grantAnnotationValue,The value that will be assigned to the key provided under grantAnnotationKey. Value should be applied to Synapse entities released with this AR.,,,,,,string,,,,,
studyAnnotationKey,The annotation key applied to a Synapse entity that contains a study identifier.,,,,,,string,,,,,
studyAnnotationValue,The value that will be assigned to the key provided under studyAnnotationKey. Value should be applied to Synapse entities released with this AR.,,,,,,string,,,,,
dataTypeKey,The annotation key applied to a Synapse entity that contains a data type identifier.,,,,,,string,,,,,
dataTypeValue,The value that will be assigned to the key provided under dataTypeKey. Value should be applied to Synapse entities released with this AR.,,,,,,string,,,,,
speciesTypeKey,The annotation key applied to a Synapse entity that contains a species identifier.,,,,,,string,,,,,
speciesTypeValue,The value that will be assigned to the key provided under speciesTypeKey. Value should be applied to Synapse entities released with this AR.,,,,,,string,,,,,
activatedByAttribute,The name of a Synapse annotation key that will be applied to entities released under this AR. Setting this attribute to activationValue designates that the AR should be active.,,,,,,string,,,,,
activationValue,The value of Synapse annotation recorded under activatedByAttribute that will be applied to entities released under this AR to indicate the AR should be active,,,,,,string,,,,,
SchemaKey,The Schema_id corresponding to a registered JSON schema that describes the access conditions relevant to this Resource.,,,,foreign_key,,string,,,,,
registeredSchemaUrl,URL associated with the annotation schema that will be applied to the resource type.,,,,,,string,,,,,
Schema,"Information that is relevant to resource access conditions.",,"Schema_id, ResourceKey, AccessRequirementKey, StudyKey, schemaUrl",,,,,,,,,True,
Schema_id,"A unique identifier for the schema.",,,,primary_key,,string,,,,,,
ResourceKey,"The identifier(s) for the Resource(s) associated with this schema. Provide multiple values as a comma-separated list.",,,,foreign_key,,string_list,,,,,,
schemaUrl,The registered URL associated with the access requirement JSON schema.,,,,,,string,,,,,,
Study,Studies associated with a grant,,"Study_id, studyProjectIdentifier, grantNumber, studyName, AccessRequirementKey, studyDescription, studyInvestigator, studyParticipantNumber, studySampleNumber, studyDeidentificationType, studyDeidentificationMethodDescription, studyDeidentificationMethodSoftware, studyDbgapAccessionId, studyIndexDate, dataUseModifiers",,,,,,,,,True,
grantNumber,The identifier associated with the award funding this study.,,,,,,string_list,,,,,,
studyName,Name of the study,,,True,CDE:11459810,,string,,,,,,
studyDescription,"Description of the study, including the types of experimental assays, model systems, types of analysis, description of cohort, associated vulnerable populations, special categories of data, rare diseases, etc. Maps to DUOplus2.",,,True,CDE:03444002,,string,,,,,,
studyInvestigator,Investigator(s) associated with the project. Multiple names should be provided as a comma-separated list.,,,True,,,string,,,,,,
Study_id,A unique primary key that enables record updates using schematic.,,,True,"CDE:12960571, primary_key",,string,,,,,,
studyParticipantNumber,The number of participant instances associated with systematic investigation into a subject.,,,True,CDE:11555662,,number,,,,,,
studyDeidentificationType,General description of the de-identification method. Maps to DUOplus3.,"HIPPA_LDS, SafeHarbor, ExpertDetermination, Pseudonymized, Anonymized, Other",,,CDE:14576319,,string_list,,,,,,
studyDeidentificationMethodDescription,Description of the process of removing potentially identifying data or data elements to render data into a form that does not identify individuals and where identification is not likely to take place.,,,,,,string,,,,,,
studyDeidentificationMethodSoftware,Software that was used to de-identify the data (if used),,,,,,string,,,,,,
studyDbgapAccessionId,A stable unique alphanumeric identifier assigned to a study and any objects by the database of Genotypes and Phenotypes (dbGaP). Required for controlled access data being submitted to CDS/CRDC.,,,,CDE:11524544,,string,,,,,,
studyIndexDate,"The reference event associated with timepoints in this study. One of Diagnosis Date, Enrollment Date, Collection Date, or Birth Date.","Diagnosis Date , Enrollment Date, Collection Date, Birth Date",,,,,string_list,,,,,,
studySampleNumber,The number of specimens associated with systematic investigation into a subject.,,,True,CDE:11555663,,number,,,,,,
studyProjectIdentifier,The Synapse Project identifier (synID) with which this Study is related.,,,,,,string_list,,syn[0-9]+,,,,
AccessRequirementKey,The Access Requirement id(s) associated with this object. Provide multiple values as a comma-separated list.,,,,foreign_key,,string,,,,,,
StudyKey,The Study id(s) associated with this object. Provide multiple values as a comma-separated list.,,,,foreign_key,,string,,,,,,
dataUseModifiers,"A list of data use modifiers that apply to the access requirement. Examples include GRU, IRB, etc.","IRB, HMB, PUB, USE, NPOA, COL, NCU, NPUNCU, RST, TSM, NRES, NPU, DUM, POA, MOR, GSO, RTN, CC, NMDS, IST, GSR, DSR, GRU, PS, DUOPlus1, DUOPlus2, DUOPlus3, DUOPlus4, DUOPlus5, DUOPlus6, DUOPlus7, Pending Annotation",,,,,string_list,,,,,,
collaborationRequired,"If collaboration is required for the access requirement, provide the PI email address. Provide multiple as a comma-separated list.",,,,,,string,,,,,,
diseaseSpecificResearch,The type(s) of disease research allowed by this access requirement. Provide the MONDO ID in format MONDO:id. Provide multiple values as a comma-separated list. MONDO terms can be found here: https://ols.monarchinitiative.org/ontologies/mondo,,,,,,string_list,,MONDO:\d{7},,,,
geographicalRestriction,The specific geographic region(s) to which use is limited by the access requirement.,"AD, AE, AF, AG, AI, AL, AM, AO, AQ, AR, AS, AT, AU, AW, AX, AZ, BA, BB, BD, BE, BF, BG, BH, BI, BJ, BL, BM, BN, BO, BQ, BR, BS, BT, BV, BW, BY, BZ, CA, CC, CD, CF, CG, CH, CI, CK, CL, CM, CN, CO, CR, CU, CV, CW, CX, CY, CZ, DE, DJ, DK, DM, DO, DZ, EC, EE, EG, EH, ER, ES, ET, FI, FJ, FK, FM, FO, FR, GA, GB, GD, GE, GF, GG, GH, GI, GL, GM, GN, GP, GQ, GR, GS, GT, GU, GW, GY, HK, HM, HN, HR, HT, HU, ID, IE, IL, IM, IN, IO, IQ, IR, IS, IT, JE, JM, JO, JP, KE, KG, KH, KI, KM, KN, KP, KR, KW, KY, KZ, LA, LB, LC, LI, LK, LR, LS, LT, LU, LV, LY, MA, MC, MD, ME, MF, MG, MH, MK, ML, MM, MN, MO, MP, MQ, MR, MS, MT, MU, MV, MW, MX, MY, MZ, NA, NC, NE, NF, NG, NI, NL, NO, NP, NR, NU, NZ, OM, PA, PE, PF, PG, PH, PK, PL, PM, PN, PR, PS, PT, PW, PY, QA, RE, RO, RS, RU, RW, SA, SB, SC, SD, SE, SG, SH, SI, SJ, SK, SL, SM, SN, SO, SR, SS, ST, SV, SX, SY, SZ, TC, TD, TF, TG, TH, TJ, TK, TL, TM, TN, TO, TR, TT, TV, TW, TZ, UA, UG, UM, US, UY, UZ, VA, VC, VE, VG, VI, VN, VU, WF, WS, YE, YT, ZA, ZM, ZW",,,,,string_list,,,,,,
institutionSpecificRestriction,Institutions with specific restrictions associated with the access requirement. Provide the institution ROR ID in format ROR:id. Provide multiple entries as a comma-separated list. ROR IDs can be found here: https://ror.org/search,,,,,,string_list,,ROR:[a-z0-9]{9},,,,
publicationMoratorium,End date of the publication moratorium associated with the access requirement.,,,,,,string,date,,,,,
researchSpecificRestrictions,Research-specific restrictions associated with the access requirement.,,,,,,string,,,,,,
timeLimitOnUse,Time limit on the use of the data associated with the access requirement.,,,,,,number,,,,,,
userSpecificRestriction,The user-specific restrictions associated with the access requirement.,,,,,,string,,,,,,
sourceGeography,The geographical source of the data associated with the access requirement. Equivalent to DUOPlus1.,"AD, AE, AF, AG, AI, AL, AM, AO, AQ, AR, AS, AT, AU, AW, AX, AZ, BA, BB, BD, BE, BF, BG, BH, BI, BJ, BL, BM, BN, BO, BQ, BR, BS, BT, BV, BW, BY, BZ, CA, CC, CD, CF, CG, CH, CI, CK, CL, CM, CN, CO, CR, CU, CV, CW, CX, CY, CZ, DE, DJ, DK, DM, DO, DZ, EC, EE, EG, EH, ER, ES, ET, FI, FJ, FK, FM, FO, FR, GA, GB, GD, GE, GF, GG, GH, GI, GL, GM, GN, GP, GQ, GR, GS, GT, GU, GW, GY, HK, HM, HN, HR, HT, HU, ID, IE, IL, IM, IN, IO, IQ, IR, IS, IT, JE, JM, JO, JP, KE, KG, KH, KI, KM, KN, KP, KR, KW, KY, KZ, LA, LB, LC, LI, LK, LR, LS, LT, LU, LV, LY, MA, MC, MD, ME, MF, MG, MH, MK, ML, MM, MN, MO, MP, MQ, MR, MS, MT, MU, MV, MW, MX, MY, MZ, NA, NC, NE, NF, NG, NI, NL, NO, NP, NR, NU, NZ, OM, PA, PE, PF, PG, PH, PK, PL, PM, PN, PR, PS, PT, PW, PY, QA, RE, RO, RS, RU, RW, SA, SB, SC, SD, SE, SG, SH, SI, SJ, SK, SL, SM, SN, SO, SR, SS, ST, SV, SX, SY, SZ, TC, TD, TF, TG, TH, TJ, TK, TL, TM, TN, TO, TR, TT, TV, TW, TZ, UA, UG, UM, US, UY, UZ, VA, VC, VE, VG, VI, VN, VU, WF, WS, YE, YT, ZA, ZM, ZW",,,,,string_list,,,,,,
populationType,The population studied in the research associated with the access requirement. Equivalent to DUOPlus2,,,,,,string,,,,,,
deidentificationType,The type of de-identification applied to the data associated with the access requirement. Equivalent to DUOPlus3.,"HIPPA_LDS, SafeHarbor, ExpertDetermination, Pseudonymized, Anonymized, Other",,,,,string_list,,,,,,
dataPermission,The permissions associated with the data under the access requirement. Equivalent to DUOPlus4.,"Agreement, Attestation, Award, Other",,,,,string_list,,,,,,
dataTier,The tier of data access associated with the access requirement. Equivalent to DUOPlus5.,"Anonymous, Open, Controlled, Private",,,,,string_list,,,,,,
license,The license under which the data associated with the access requirement is shared. Equivalent to DUOPlus6.,"CC0, CC_BY, CC_BY_NC, CC_BY_ND, CC_BY_SA, CC_BY_NC_ND, CC_BY_NC_SA, Apache_2.0, MIT, GPL_3.0, BSD_3_Clause",,,,,string_list,,,,,,
attribution,The attribution statement for the data associated with the access requirement. Equivalent to DUOPlus7.,,,,,,string,,,,,,
USE,This data use modifier indicates that use is limited to use by approved users.,,userSpecificRestriction,,DUO:0000026,,string,,,,,,
COL,This data use modifier indicates that the requestor must agree to collaboration with the primary study investigator(s).,,collaborationRequired,,DUO:0000020,,string,,,,,,
RST,This data use modifier indicates that use is limited to studies of a certain research type.,,researchSpecificRestrictions,,DUO:0000012,,string,,,,,,
TSM,This data use modifier indicates that use is approved for a specific number of months.,,timeLimitOnUse,,DUO:0000025,,string,,,,,,
MOR,This data use modifier indicates that requestor agrees not to publish results of studies until a specific date.,,publicationMoratorium,,DUO:0000024,,string,,,,,,
IST,This data use modifier indicates that use is limited to use within an approved institution.,,institutionSpecificRestriction,,DUO:0000028,,string,,,,,,
GSR,This data use modifier indicates that use is limited to within a specific geographic region.,,geographicalRestriction,,DUO:0000022,,string,,,,,,
DSR,This data use permission indicates that use is allowed provided it is related to the specified disease.,,diseaseSpecificResearch,,DUO:0000007,,string,,,,,,
DUOPlus1,Source geography is relevant to governance decisions.,,sourceGeography,,,,string,,,,,,
DUOPlus2,Study population is relevant to governance decisions.,,populationType,,,,string,,,,,,
DUOPlus3,Data deidentification is relevant to governance decisions.,,deidentificationType,,,,string,,,,,,
DUOPlus4,A data permission designation is associated with the Study.,,dataPermission,,,,string,,,,,,
DUOPlus5,A data tier designation is associated with the Study.,,dataTier,,,,string,,,,,,
DUOPlus6,A license is associated with the Study.,,license,,,,string,,,,,,
DUOPlus7,Attribution conditions are associated with this Study.,,attribution,,,,string,,,,,,
